@@,itemlabel,item,startdate,enddate
+++,Maurice Ahern,Q1911246,2000,2001
+++,Michael Mulcahy,Q1928683,2001,2002
->,Dermot Lacey,Q1200274,2002-06->2002,2003-06->2003
->,Michael Conaghan,Q335783,2004-06-05->2004,2005-06-05->2005
->,Catherine Byrne,Q540826,2005-06-05->2005,2006-06-06->2006
->,Vincent Jackson,Q204172,2006-06-05->2006,2007-06-07->2007
->,Paddy Bourke,Q55628347,2007-06->2007,2008-06->2008
->,Eibhlin Byrne,Q1301175,2008-06-30->2008,2009-06-30->2009
->,Emer Costello,Q525437,2009-06-15->2009,2010-06-26->2010
->,Gerry Breen,Q179332,2010-06->2010,2011-06->2011
->,Andrew Montague,Q177830,2011-06-05->2011,2012-06-06->2012
->,Naoise Ó Muirí,Q254202,2012-06-06->2012,2013-06-07->2013
->,Oisín Quinn,Q14899977,2013-06-12->2013,2014-06-12->2014
->,Christy Burke,Q5113623,2014-06->2014,2015-06->2015
->,Críona Ní Dhálaigh,Q20713424,2015-06-05->2015,2016-06-06->2016
->,Brendan Carr,Q25993038,2016-06->2016,2017-06->2017
->,Mícheál Mac Donncha,Q41536567,2017-06-05->2017,2018-06-06->2018
->,Nial Ring,Q55973494,2018-06->2018,2019-06->2019
->,Paul McAuliffe,Q28363948,2019-06-12->2019,2020-02-13->2020
->,Tom Brabazon,Q55083474,2020-02->2020,2020-06-29->NULL
->,Hazel Chu,Q81771877,2020-06-29->2020,2021-06-28->2021
->,Alison Gilliland,Q107379317,2021-06-29->2021,
